month,product_category_name,orders_count,revenue,avg_price,items_sold
2016-09,beleza_saude,1,134.97,44.99,3
2016-10,,2,65.89,32.95,2
2016-10,alimentos,1,79.9,79.9,1
2016-10,audio,2,156.99,78.5,2
2016-10,automotivo,8,1128.26,141.03,8
2016-10,bebes,9,1371.17,124.65,11
2016-10,beleza_saude,36,3439.25,85.98,40
2016-10,brinquedos,22,4106.5,171.1,24
2016-10,cama_mesa_banho,5,478.99,59.87,8
2016-10,climatizacao,4,1349.29,168.66,8
2016-10,consoles_games,7,3619.36,517.05,7
2016-10,cool_stuff,7,1046.1,149.44,7
2016-10,eletronicos,1,107.99,107.99,1
2016-10,esporte_lazer,17,2012.15,118.36,17
2016-10,fashion_bolsas_e_acessorios,7,373.3,46.66,8
2016-10,fashion_calcados,1,29.99,29.99,1
2016-10,fashion_roupa_feminina,1,54.9,54.9,1
2016-10,fashion_roupa_masculina,1,24.9,24.9,1
2016-10,ferramentas_jardim,5,1359.88,271.98,5
2016-10,fraldas_higiene,1,134.9,134.9,1
2016-10,industria_comercio_e_negocios,3,359.6,89.9,4
2016-10,informatica_acessorios,12,669.02,55.75,12
2016-10,market_place,5,915.29,83.21,11
2016-10,moveis_decoracao,49,5690.52,87.55,65
2016-10,moveis_escritorio,6,1300.88,216.81,6
2016-10,perfumaria,26,4829.1,166.52,29
2016-10,pet_shop,4,689.68,172.42,4
2016-10,relogios_presentes,4,2711.07,677.77,4
2016-10,telefonia,7,228.29,28.54,8
2016-10,telefonia_fixa,5,704.88,140.98,5
2016-10,utilidades_domesticas,9,1287.07,107.26,12
2016-12,fashion_bolsas_e_acessorios,1,10.9,10.9,1
2017-01,,10,1603.64,133.64,12
2017-01,agro_industria_e_comercio,2,65.97,21.99,3
2017-01,alimentos,2,42.82,21.41,2
2017-01,automotivo,27,4820.03,155.48,31
2017-01,bebes,31,6217.88,155.45,40
2017-01,beleza_saude,79,12366.44,150.81,82
2017-01,brinquedos,41,4568.19,111.42,41
2017-01,cama_mesa_banho,43,3804.36,82.7,46
2017-01,casa_conforto_2,2,72.8,36.4,2
2017-01,climatizacao,3,663.7,165.93,4
2017-01,consoles_games,19,4514.44,214.97,21
2017-01,cool_stuff,30,6856.87,185.32,37
2017-01,dvds_blu_ray,1,29.8,14.9,2
2017-01,eletrodomesticos_2,6,1916.78,273.83,7
2017-01,eletronicos,11,617.0,56.09,11
2017-01,eletroportateis,6,1660.79,276.8,6
2017-01,esporte_lazer,57,9212.14,124.49,74
2017-01,fashion_bolsas_e_acessorios,30,1671.97,47.77,35
2017-01,fashion_calcados,1,34.9,34.9,1
2017-01,fashion_roupa_feminina,2,77.3,38.65,2
2017-01,fashion_roupa_masculina,1,126.9,126.9,1
2017-01,fashion_underwear_e_moda_praia,2,137.25,68.63,2
2017-01,ferramentas_jardim,36,7466.95,138.28,54
2017-01,informatica_acessorios,24,3924.14,126.59,31
2017-01,instrumentos_musicais,1,339.74,339.74,1
2017-01,livros_interesse_geral,2,234.89,117.44,2
2017-01,malas_acessorios,4,492.5,98.5,5
2017-01,market_place,5,414.14,82.83,5
2017-01,moveis_cozinha_area_de_servico_jantar_e_jardim,1,110.0,110.0,1
2017-01,moveis_decoracao,132,13036.63,73.65,177
2017-01,moveis_escritorio,6,1158.35,144.79,8
2017-01,moveis_quarto,8,73.2,9.15,8
2017-01,moveis_sala,8,1241.9,124.19,10
2017-01,musica,2,19.8,9.9,2
2017-01,papelaria,7,1561.99,111.57,14
2017-01,pcs,1,2199.99,2199.99,1
2017-01,perfumaria,29,5112.6,150.37,34
2017-01,pet_shop,12,799.12,57.08,14
2017-01,relogios_presentes,11,8086.52,735.14,11
2017-01,seguros_e_servicos,1,183.29,183.29,1
2017-01,telefonia,17,755.94,34.36,22
2017-01,telefonia_fixa,19,677.12,30.78,22
2017-01,utilidades_domesticas,21,2827.58,100.98,28
2017-02,,50,8521.11,152.16,56
2017-02,agro_industria_e_comercio,7,224.84,32.12,7
2017-02,alimentos,8,676.73,84.59,8
2017-02,audio,5,163.8,32.76,5
2017-02,automotivo,75,12358.78,148.9,83
2017-02,bebes,31,2837.58,88.67,32
2017-02,beleza_saude,143,22059.92,143.25,154
2017-02,brinquedos,61,9353.44,141.72,66
2017-02,cama_mesa_banho,140,15572.13,99.19,157
2017-02,casa_conforto,3,414.66,138.22,3
2017-02,casa_construcao,3,695.6,173.9,4
2017-02,cine_foto,1,59.0,59.0,1
2017-02,climatizacao,11,2405.3,218.66,11
2017-02,consoles_games,18,4294.77,238.6,18
2017-02,construcao_ferramentas_construcao,3,336.79,112.26,3
2017-02,construcao_ferramentas_jardim,1,579.98,289.99,2
2017-02,construcao_ferramentas_seguranca,1,379.0,379.0,1
2017-02,cool_stuff,68,12454.6,180.5,69
2017-02,dvds_blu_ray,1,14.9,14.9,1
2017-02,eletrodomesticos,7,740.9,105.84,7
2017-02,eletrodomesticos_2,1,15.99,15.99,1
2017-02,eletronicos,14,1218.85,64.15,19
2017-02,eletroportateis,25,7251.58,258.99,28
2017-02,esporte_lazer,134,15629.98,104.9,149
2017-02,fashion_bolsas_e_acessorios,32,2170.31,60.29,36
2017-02,fashion_calcados,2,107.05,35.68,3
2017-02,fashion_roupa_feminina,3,363.9,121.3,3
2017-02,fashion_roupa_masculina,6,545.95,90.99,6
2017-02,fashion_underwear_e_moda_praia,6,396.97,49.62,8
2017-02,ferramentas_jardim,60,11734.62,170.07,69
2017-02,industria_comercio_e_negocios,1,119.0,119.0,1
2017-02,informatica_acessorios,92,11319.09,113.19,100
2017-02,instrumentos_musicais,8,2221.28,246.81,9
2017-02,livros_interesse_geral,8,772.71,96.59,8
2017-02,livros_tecnicos,1,159.0,159.0,1
2017-02,malas_acessorios,19,1659.19,82.96,20
2017-02,market_place,17,1574.22,78.71,20
2017-02,moveis_cozinha_area_de_servico_jantar_e_jardim,2,139.9,69.95,2
2017-02,moveis_decoracao,213,19926.41,77.53,257
2017-02,moveis_escritorio,52,10845.98,174.94,62
2017-02,moveis_quarto,1,450.0,450.0,1
2017-02,moveis_sala,12,3409.64,162.36,21
2017-02,papelaria,19,2341.4,123.23,19
2017-02,pcs,1,3549.0,3549.0,1
2017-02,perfumaria,47,8040.38,164.09,49
2017-02,pet_shop,36,3584.87,91.92,39
2017-02,relogios_presentes,32,10992.39,333.1,33
2017-02,tablets_impressao_imagem,8,792.0,99.0,8
2017-02,telefonia,95,6693.34,63.14,106
2017-02,telefonia_fixa,18,759.23,34.51,22
2017-02,utilidades_domesticas,61,11295.34,163.7,69
2017-03,,54,6457.17,107.62,60
2017-03,agro_industria_e_comercio,2,81.99,41.0,2
2017-03,alimentos,19,2412.66,114.89,21
2017-03,alimentos_bebidas,4,85.8,21.45,4
2017-03,artes,4,174.6,43.65,4
2017-03,audio,13,1134.77,81.05,14
2017-03,automotivo,67,13272.93,170.17,78
2017-03,bebes,41,3592.28,85.53,42
2017-03,bebidas,4,463.87,92.77,5
2017-03,beleza_saude,190,25652.45,123.33,208
2017-03,brinquedos,99,12339.57,120.98,102
2017-03,cama_mesa_banho,239,25120.02,90.04,279
2017-03,casa_conforto,12,2123.4,163.34,13
2017-03,casa_conforto_2,3,342.88,114.29,3
2017-03,casa_construcao,5,591.96,59.2,10
2017-03,climatizacao,16,4103.81,241.4,17
2017-03,consoles_games,45,9834.04,209.23,47
2017-03,construcao_ferramentas_construcao,1,38.9,38.9,1
2017-03,cool_stuff,116,20583.33,174.44,118
2017-03,dvds_blu_ray,3,453.7,113.42,4
2017-03,eletrodomesticos,9,313.3,31.33,10
2017-03,eletrodomesticos_2,2,500.9,250.45,2
2017-03,eletronicos,32,3986.0,107.73,37
2017-03,eletroportateis,31,11171.06,360.36,31
2017-03,esporte_lazer,164,25472.89,134.07,190
2017-03,fashion_bolsas_e_acessorios,60,4786.36,72.52,66
2017-03,fashion_calcados,13,1515.0,108.21,14
2017-03,fashion_esporte,1,39.9,39.9,1
2017-03,fashion_roupa_feminina,1,19.9,19.9,1
2017-03,fashion_roupa_masculina,7,580.8,64.53,9
2017-03,fashion_underwear_e_moda_praia,6,394.14,65.69,6
2017-03,ferramentas_jardim,117,23508.76,161.02,146
2017-03,industria_comercio_e_negocios,2,238.0,119.0,2
2017-03,informatica_acessorios,147,28078.8,164.2,171
2017-03,instrumentos_musicais,9,1667.33,166.73,10
2017-03,livros_interesse_geral,19,2533.96,105.58,24
2017-03,livros_tecnicos,2,75.0,37.5,2
2017-03,malas_acessorios,35,5924.01,155.9,38
2017-03,market_place,17,1808.59,106.39,17
2017-03,moveis_cozinha_area_de_servico_jantar_e_jardim,3,113.98,37.99,3
2017-03,moveis_decoracao,253,22133.47,70.26,315
2017-03,moveis_escritorio,58,10793.85,145.86,74
2017-03,moveis_sala,17,3324.0,138.5,24
2017-03,musica,1,27.99,27.99,1
2017-03,papelaria,56,5902.62,105.4,56
2017-03,perfumaria,103,19608.14,186.74,105
2017-03,pet_shop,40,8240.06,187.27,44
2017-03,relogios_presentes,74,24892.38,315.09,79
2017-03,sinalizacao_e_seguranca,1,75.0,75.0,1
2017-03,tablets_impressao_imagem,5,495.0,99.0,5
2017-03,telefonia,153,7877.12,47.74,165
2017-03,telefonia_fixa,14,1333.45,66.67,20
2017-03,utilidades_domesticas,170,12906.96,65.85,196
2017-04,,61,8448.19,122.44,69
2017-04,alimentos,8,491.3,61.41,8
2017-04,alimentos_bebidas,2,47.9,15.97,3
2017-04,artes,1,119.9,119.9,1
2017-04,artigos_de_natal,1,69.0,69.0,1
2017-04,audio,9,942.2,85.65,11
2017-04,automotivo,77,15149.32,180.35,84
2017-04,bebes,47,3930.55,78.61,50
2017-04,beleza_saude,168,22156.34,123.09,180
2017-04,brinquedos,103,13039.43,115.39,113
2017-04,cama_mesa_banho,231,24092.89,88.9,271
2017-04,casa_conforto,16,2411.1,141.83,17
2017-04,casa_conforto_2,1,12.9,12.9,1
2017-04,casa_construcao,5,1602.69,320.54,5
2017-04,cine_foto,2,118.0,59.0,2
2017-04,climatizacao,13,2492.23,166.15,15
2017-04,consoles_games,15,3772.88,221.93,17
2017-04,construcao_ferramentas_ferramentas,1,729.0,729.0,1
2017-04,construcao_ferramentas_jardim,7,1490.21,186.28,8
2017-04,cool_stuff,112,20902.39,183.35,114
2017-04,dvds_blu_ray,2,1434.9,717.45,2
2017-04,eletrodomesticos,9,499.4,49.94,10
2017-04,eletrodomesticos_2,2,799.8,399.9,2
2017-04,eletronicos,47,4822.24,100.46,48
2017-04,eletroportateis,20,23114.98,1155.75,20
2017-04,esporte_lazer,184,22997.06,113.29,203
2017-04,fashion_bolsas_e_acessorios,44,3095.9,64.5,48
2017-04,fashion_calcados,20,1526.5,66.37,23
2017-04,fashion_esporte,4,189.78,47.45,4
2017-04,fashion_roupa_feminina,1,64.9,64.9,1
2017-04,fashion_roupa_masculina,5,366.89,73.38,5
2017-04,fashion_underwear_e_moda_praia,3,92.89,30.96,3
2017-04,ferramentas_jardim,93,17648.93,163.42,108
2017-04,informatica_acessorios,116,18353.46,139.04,132
2017-04,instrumentos_musicais,16,3818.43,238.65,16
2017-04,la_cuisine,1,24.0,24.0,1
2017-04,livros_importados,1,19.99,19.99,1
2017-04,livros_interesse_geral,12,923.38,76.95,12
2017-04,livros_tecnicos,1,75.0,75.0,1
2017-04,malas_acessorios,46,7090.3,147.71,48
2017-04,market_place,19,4045.28,212.91,19
2017-04,moveis_colchao_e_estofado,1,109.4,109.4,1
2017-04,moveis_cozinha_area_de_servico_jantar_e_jardim,8,1033.4,114.82,9
2017-04,moveis_decoracao,162,19211.23,100.58,191
2017-04,moveis_escritorio,48,9411.3,162.26,58
2017-04,moveis_quarto,3,628.98,209.66,3
2017-04,moveis_sala,11,2073.34,172.78,12
2017-04,musica,2,59.8,29.9,2
2017-04,papelaria,35,4551.44,130.04,35
2017-04,pc_gamer,2,259.98,129.99,2
2017-04,perfumaria,97,19436.51,192.44,101
2017-04,pet_shop,46,6182.89,121.23,51
2017-04,relogios_presentes,88,23336.09,245.64,95
2017-04,sinalizacao_e_seguranca,3,128.06,42.69,3
2017-04,tablets_impressao_imagem,9,1112.88,101.17,11
2017-04,telefonia,138,7133.94,50.24,142
2017-04,telefonia_fixa,6,505.83,84.3,6
2017-04,utilidades_domesticas,134,12472.18,73.8,169
2017-05,,82,10818.34,118.88,91
2017-05,agro_industria_e_comercio,4,1579.94,394.99,4
2017-05,alimentos,3,387.9,129.3,3
2017-05,alimentos_bebidas,10,345.49,28.79,12
2017-05,artes,6,6927.25,1154.54,6
2017-05,artes_e_artesanato,1,21.99,21.99,1
2017-05,audio,17,2081.18,122.42,17
2017-05,automotivo,99,17501.25,154.88,113
2017-05,bebes,96,8933.72,87.59,102
2017-05,bebidas,1,90.0,90.0,1
2017-05,beleza_saude,261,46340.06,163.17,284
2017-05,brinquedos,192,22179.25,113.16,196
2017-05,cama_mesa_banho,323,32684.6,90.54,361
2017-05,casa_conforto,32,5114.07,146.12,35
2017-05,casa_construcao,5,1620.5,231.5,7
2017-05,cine_foto,1,59.0,59.0,1
2017-05,climatizacao,6,914.87,130.7,7
2017-05,consoles_games,26,2507.2,86.46,29
2017-05,construcao_ferramentas_construcao,1,99.99,99.99,1
2017-05,construcao_ferramentas_ferramentas,2,803.9,401.95,2
2017-05,construcao_ferramentas_jardim,5,1447.34,206.76,7
2017-05,cool_stuff,230,32481.6,134.78,241
2017-05,dvds_blu_ray,4,89.6,22.4,4
2017-05,eletrodomesticos,28,1912.79,68.31,28
2017-05,eletrodomesticos_2,7,1306.05,186.58,7
2017-05,eletronicos,59,6149.11,94.6,65
2017-05,eletroportateis,16,5241.44,291.19,18
2017-05,esporte_lazer,256,34101.73,111.81,305
2017-05,fashion_bolsas_e_acessorios,91,7192.0,69.15,104
2017-05,fashion_calcados,22,1669.54,75.89,22
2017-05,fashion_esporte,3,124.84,41.61,3
2017-05,fashion_roupa_feminina,4,367.5,91.88,4
2017-05,fashion_roupa_infanto_juvenil,1,110.0,110.0,1
2017-05,fashion_roupa_masculina,3,608.9,152.22,4
2017-05,fashion_underwear_e_moda_praia,6,283.5,40.5,7
2017-05,ferramentas_jardim,121,20372.57,147.63,138
2017-05,industria_comercio_e_negocios,2,519.8,259.9,2
2017-05,informatica_acessorios,253,44759.39,144.85,309
2017-05,instrumentos_musicais,18,9639.44,481.97,20
2017-05,la_cuisine,1,193.0,193.0,1
2017-05,livros_interesse_geral,19,1841.57,92.08,20
2017-05,livros_tecnicos,3,262.0,87.33,3
2017-05,malas_acessorios,64,12539.62,179.14,70
2017-05,market_place,21,2476.98,112.59,22
2017-05,moveis_colchao_e_estofado,3,595.89,198.63,3
2017-05,moveis_cozinha_area_de_servico_jantar_e_jardim,9,1304.48,144.94,9
2017-05,moveis_decoracao,226,22312.54,82.33,271
2017-05,moveis_escritorio,42,8403.43,150.06,56
2017-05,moveis_quarto,6,2369.97,263.33,9
2017-05,moveis_sala,27,4479.45,139.98,32
2017-05,papelaria,60,5600.18,87.5,64
2017-05,pc_gamer,1,129.99,129.99,1
2017-05,perfumaria,132,19982.06,139.73,143
2017-05,pet_shop,66,8151.02,111.66,73
2017-05,relogios_presentes,120,36619.48,283.87,129
2017-05,sinalizacao_e_seguranca,3,508.85,127.21,4
2017-05,tablets_impressao_imagem,7,1514.98,216.43,7
2017-05,telefonia,196,8844.39,41.33,214
2017-05,telefonia_fixa,9,445.83,49.54,9
2017-05,utilidades_domesticas,259,21374.9,70.78,302
2017-06,,50,4902.4,84.52,58
2017-06,agro_industria_e_comercio,1,1390.0,1390.0,1
2017-06,alimentos,1,149.9,149.9,1
2017-06,alimentos_bebidas,2,57.4,28.7,2
2017-06,artes,4,200.3,50.08,4
2017-06,artigos_de_natal,2,184.7,61.57,3
2017-06,audio,11,1671.0,151.91,11
2017-06,automotivo,101,29335.71,266.69,110
2017-06,bebes,72,7864.74,100.83,78
2017-06,bebidas,1,49.99,49.99,1
2017-06,beleza_saude,233,31676.81,124.71,254
2017-06,brinquedos,150,15337.55,98.32,156
2017-06,cama_mesa_banho,324,33803.23,91.61,369
2017-06,casa_conforto,17,2818.2,165.78,17
2017-06,casa_conforto_2,1,12.9,12.9,1
2017-06,casa_construcao,4,1992.3,249.04,8
2017-06,cine_foto,1,79.0,79.0,1
2017-06,climatizacao,9,2084.48,189.5,11
2017-06,consoles_games,26,5309.03,183.07,29
2017-06,construcao_ferramentas_construcao,4,376.37,47.05,8
2017-06,construcao_ferramentas_jardim,3,434.69,108.67,4
2017-06,cool_stuff,195,38109.61,191.51,199
2017-06,dvds_blu_ray,4,126.69,31.67,4
2017-06,eletrodomesticos,42,2507.19,58.31,43
2017-06,eletrodomesticos_2,6,1213.87,202.31,6
2017-06,eletronicos,39,2060.04,50.24,41
2017-06,eletroportateis,23,9698.81,421.69,23
2017-06,esporte_lazer,245,32066.93,119.21,269
2017-06,fashion_bolsas_e_acessorios,75,6722.13,82.99,81
2017-06,fashion_calcados,16,1279.38,67.34,19
2017-06,fashion_esporte,5,470.5,94.1,5
2017-06,fashion_roupa_feminina,3,154.8,51.6,3
2017-06,fashion_roupa_infanto_juvenil,1,110.0,110.0,1
2017-06,fashion_roupa_masculina,7,519.79,57.75,9
2017-06,fashion_underwear_e_moda_praia,1,3.9,3.9,1
2017-06,ferramentas_jardim,98,15447.09,140.43,110
2017-06,industria_comercio_e_negocios,2,276.97,138.49,2
2017-06,informatica_acessorios,212,36193.7,142.49,254
2017-06,instrumentos_musicais,17,4993.05,249.65,20
2017-06,livros_importados,1,99.0,49.5,2
2017-06,livros_interesse_geral,19,1922.18,96.11,20
2017-06,livros_tecnicos,2,145.9,72.95,2
2017-06,malas_acessorios,59,8142.19,135.7,60
2017-06,market_place,15,1258.95,78.68,16
2017-06,moveis_cozinha_area_de_servico_jantar_e_jardim,4,374.8,93.7,4
2017-06,moveis_decoracao,177,16614.29,72.24,230
2017-06,moveis_escritorio,45,7279.13,145.58,50
2017-06,moveis_quarto,2,308.99,154.5,2
2017-06,moveis_sala,12,1713.3,114.22,15
2017-06,musica,4,1066.9,266.73,4
2017-06,papelaria,37,3493.57,91.94,38
2017-06,pc_gamer,1,129.99,129.99,1
2017-06,perfumaria,140,23954.32,161.85,148
2017-06,pet_shop,60,5123.57,81.33,63
2017-06,portateis_casa_forno_e_cafe,1,71.9,71.9,1
2017-06,relogios_presentes,113,27337.63,229.73,119
2017-06,sinalizacao_e_seguranca,1,134.0,134.0,1
2017-06,tablets_impressao_imagem,6,594.0,99.0,6
2017-06,telefonia,148,6561.73,41.79,157
2017-06,telefonia_fixa,12,933.67,77.81,12
2017-06,utilidades_domesticas,280,22978.21,71.58,321
2017-07,,52,2967.86,51.17,58
2017-07,agro_industria_e_comercio,1,1180.0,1180.0,1
2017-07,alimentos,7,584.16,83.45,7
2017-07,alimentos_bebidas,7,168.2,21.02,8
2017-07,artes,3,386.75,128.92,3
2017-07,artes_e_artesanato,1,129.9,129.9,1
2017-07,artigos_de_festas,1,69.9,69.9,1
2017-07,artigos_de_natal,2,65.09,32.55,2
2017-07,audio,6,673.69,112.28,6
2017-07,automotivo,103,13886.85,121.81,114
2017-07,bebes,121,15461.41,123.69,125
2017-07,bebidas,2,273.97,91.32,3
2017-07,beleza_saude,270,34239.45,111.17,308
2017-07,brinquedos,197,23956.84,118.01,203
2017-07,cama_mesa_banho,503,62786.96,110.35,569
2017-07,casa_conforto,36,4563.85,106.14,43
2017-07,casa_conforto_2,1,12.9,12.9,1
2017-07,casa_construcao,1,93.6,46.8,2
2017-07,cds_dvds_musicais,4,225.0,45.0,5
2017-07,climatizacao,5,1396.1,279.22,5
2017-07,consoles_games,45,5411.24,115.13,47
2017-07,construcao_ferramentas_construcao,5,549.44,91.57,6
2017-07,construcao_ferramentas_iluminacao,1,360.0,360.0,1
2017-07,construcao_ferramentas_jardim,7,347.58,43.45,8
2017-07,cool_stuff,220,36653.46,160.76,228
2017-07,dvds_blu_ray,3,732.8,244.27,3
2017-07,eletrodomesticos,37,3671.99,99.24,37
2017-07,eletrodomesticos_2,7,1033.99,147.71,7
2017-07,eletronicos,84,7266.04,77.3,94
2017-07,eletroportateis,30,3587.23,115.72,31
2017-07,esporte_lazer,327,36618.83,97.65,375
2017-07,fashion_bolsas_e_acessorios,80,5063.21,58.87,86
2017-07,fashion_calcados,18,1283.02,67.53,19
2017-07,fashion_esporte,1,69.9,69.9,1
2017-07,fashion_roupa_feminina,4,310.7,77.68,4
2017-07,fashion_roupa_masculina,8,719.99,80.0,9
2017-07,fashion_underwear_e_moda_praia,3,274.8,91.6,3
2017-07,ferramentas_jardim,153,18951.3,103.0,184
2017-07,industria_comercio_e_negocios,2,245.96,122.98,2
2017-07,informatica_acessorios,268,38176.22,119.3,320
2017-07,instrumentos_musicais,26,7282.59,242.75,30
2017-07,la_cuisine,4,469.99,117.5,4
2017-07,livros_interesse_geral,12,1292.4,99.42,13
2017-07,livros_tecnicos,2,528.0,264.0,2
2017-07,malas_acessorios,72,8311.71,113.86,73
2017-07,market_place,13,1573.38,121.03,13
2017-07,moveis_colchao_e_estofado,1,109.4,109.4,1
2017-07,moveis_cozinha_area_de_servico_jantar_e_jardim,9,1316.5,119.68,11
2017-07,moveis_decoracao,249,24028.12,76.52,314
2017-07,moveis_escritorio,97,16892.61,146.89,115
2017-07,moveis_quarto,4,1077.99,269.5,4
2017-07,moveis_sala,26,3826.12,127.54,30
2017-07,musica,1,329.0,329.0,1
2017-07,papelaria,72,6906.85,89.7,77
2017-07,perfumaria,115,12734.25,105.24,121
2017-07,pet_shop,70,6575.97,77.36,85
2017-07,relogios_presentes,151,33702.42,208.04,162
2017-07,sinalizacao_e_seguranca,4,475.91,95.18,5
2017-07,tablets_impressao_imagem,2,198.0,99.0,2
2017-07,telefonia,135,9052.87,63.31,143
2017-07,telefonia_fixa,8,218.73,24.3,9
2017-07,utilidades_domesticas,220,20251.53,74.73,271
2017-08,,64,4968.45,66.25,75
2017-08,agro_industria_e_comercio,1,88.0,22.0,4
2017-08,alimentos,8,364.5,45.56,8
2017-08,alimentos_bebidas,12,494.81,32.99,15
2017-08,artes,4,244.7,61.17,4
2017-08,artigos_de_natal,1,58.9,58.9,1
2017-08,audio,7,1050.7,150.1,7
2017-08,automotivo,128,18922.61,117.53,161
2017-08,bebes,120,19160.1,150.87,127
2017-08,bebidas,2,119.9,59.95,2
2017-08,beleza_saude,338,49030.23,139.29,352
2017-08,brinquedos,168,17675.37,97.12,182
2017-08,cama_mesa_banho,442,56580.63,111.82,506
2017-08,casa_conforto,24,4000.19,142.86,28
2017-08,casa_conforto_2,2,38.7,12.9,3
2017-08,casa_construcao,1,124.8,124.8,1
2017-08,cds_dvds_musicais,2,135.0,45.0,3
2017-08,climatizacao,12,4271.73,284.78,15
2017-08,consoles_games,79,8054.75,95.89,84
2017-08,construcao_ferramentas_construcao,6,1180.0,168.57,7
2017-08,construcao_ferramentas_iluminacao,2,589.0,294.5,2
2017-08,construcao_ferramentas_jardim,7,1286.19,128.62,10
2017-08,construcao_ferramentas_seguranca,1,8.9,8.9,1
2017-08,cool_stuff,235,38264.51,149.47,256
2017-08,dvds_blu_ray,6,113.4,18.9,6
2017-08,eletrodomesticos,42,3921.35,93.37,42
2017-08,eletrodomesticos_2,15,3686.55,245.77,15
2017-08,eletronicos,52,2854.15,50.97,56
2017-08,eletroportateis,32,4297.01,119.36,36
2017-08,esporte_lazer,375,40624.77,97.42,417
2017-08,fashion_bolsas_e_acessorios,85,6438.89,67.78,95
2017-08,fashion_calcados,18,1491.69,67.8,22
2017-08,fashion_esporte,2,265.8,132.9,2
2017-08,fashion_roupa_feminina,4,188.7,47.17,4
2017-08,fashion_roupa_masculina,12,1175.06,83.93,14
2017-08,fashion_underwear_e_moda_praia,13,1111.0,85.46,13
2017-08,ferramentas_jardim,194,22920.93,98.37,233
2017-08,industria_comercio_e_negocios,3,956.9,318.97,3
2017-08,informatica_acessorios,290,33826.47,99.2,341
2017-08,instrumentos_musicais,23,7089.55,308.24,23
2017-08,la_cuisine,2,313.0,156.5,2
2017-08,livros_importados,1,61.0,61.0,1
2017-08,livros_interesse_geral,27,2275.0,84.26,27
2017-08,livros_tecnicos,9,1196.38,132.93,9
2017-08,malas_acessorios,57,6533.1,105.37,62
2017-08,market_place,22,1937.39,84.23,23
2017-08,moveis_colchao_e_estofado,2,509.39,254.69,2
2017-08,moveis_cozinha_area_de_servico_jantar_e_jardim,7,1006.2,143.74,7
2017-08,moveis_decoracao,323,33595.89,78.86,426
2017-08,moveis_escritorio,46,9877.36,170.3,58
2017-08,moveis_quarto,3,618.0,206.0,3
2017-08,moveis_sala,21,2478.07,107.74,23
2017-08,papelaria,75,6366.91,79.59,80
2017-08,pcs,28,32400.0,1157.14,28
2017-08,perfumaria,117,13085.1,103.03,127
2017-08,pet_shop,75,10425.79,117.14,89
2017-08,portateis_casa_forno_e_cafe,1,21.9,21.9,1
2017-08,relogios_presentes,194,36170.95,171.43,211
2017-08,sinalizacao_e_seguranca,4,377.8,94.45,4
2017-08,tablets_impressao_imagem,6,450.89,75.15,6
2017-08,telefonia,127,10553.31,79.95,132
2017-08,telefonia_fixa,14,3343.54,167.18,20
2017-08,utilidades_domesticas,245,23427.84,83.67,280
2017-09,,61,5774.15,79.1,73
2017-09,agro_industria_e_comercio,3,1993.99,498.5,4
2017-09,alimentos,13,992.92,58.41,17
2017-09,alimentos_bebidas,6,310.86,34.54,9
2017-09,artes,3,388.54,129.51,3
2017-09,artigos_de_festas,1,269.8,134.9,2
2017-09,artigos_de_natal,3,254.7,63.67,4
2017-09,audio,10,1042.59,104.26,10
2017-09,automotivo,96,14126.77,132.03,107
2017-09,bebes,161,23232.45,136.66,170
2017-09,bebidas,5,244.98,40.83,6
2017-09,beleza_saude,356,50649.16,134.71,376
2017-09,brinquedos,265,29606.83,102.45,289
2017-09,cama_mesa_banho,456,52105.61,98.68,528
2017-09,casa_conforto,26,4592.34,139.16,33
2017-09,casa_conforto_2,1,12.9,12.9,1
2017-09,casa_construcao,9,1357.81,123.44,11
2017-09,cine_foto,1,69.0,69.0,1
2017-09,climatizacao,7,1629.15,232.74,7
2017-09,consoles_games,58,8150.57,129.37,63
2017-09,construcao_ferramentas_construcao,7,1240.3,124.03,10
2017-09,construcao_ferramentas_ferramentas,3,916.89,305.63,3
2017-09,construcao_ferramentas_iluminacao,1,229.0,229.0,1
2017-09,construcao_ferramentas_jardim,4,251.6,50.32,5
2017-09,construcao_ferramentas_seguranca,4,1124.54,224.91,5
2017-09,cool_stuff,196,37547.47,184.96,203
2017-09,dvds_blu_ray,2,39.8,19.9,2
2017-09,eletrodomesticos,10,1820.19,182.02,10
2017-09,eletrodomesticos_2,6,1627.8,271.3,6
2017-09,eletronicos,65,4338.96,64.76,67
2017-09,eletroportateis,29,10030.74,334.36,30
2017-09,esporte_lazer,408,48972.11,108.11,453
2017-09,fashion_bolsas_e_acessorios,101,11778.24,96.54,122
2017-09,fashion_calcados,12,1099.7,84.59,13
2017-09,fashion_esporte,2,384.6,76.92,5
2017-09,fashion_roupa_feminina,3,355.7,88.92,4
2017-09,fashion_roupa_infanto_juvenil,1,89.99,89.99,1
2017-09,fashion_roupa_masculina,10,1177.5,73.59,16
2017-09,fashion_underwear_e_moda_praia,14,1619.9,101.24,16
2017-09,ferramentas_jardim,176,22028.43,99.23,222
2017-09,industria_comercio_e_negocios,2,219.98,109.99,2
2017-09,informatica_acessorios,211,28040.65,113.52,247
2017-09,instrumentos_musicais,22,8507.4,327.21,26
2017-09,livros_importados,3,290.0,72.5,4
2017-09,livros_interesse_geral,14,932.24,66.59,14
2017-09,livros_tecnicos,8,1001.35,125.17,8
2017-09,malas_acessorios,41,3885.38,92.51,42
2017-09,market_place,11,1147.21,104.29,11
2017-09,moveis_colchao_e_estofado,1,86.5,86.5,1
2017-09,moveis_cozinha_area_de_servico_jantar_e_jardim,4,409.6,102.4,4
2017-09,moveis_decoracao,270,30554.92,89.08,343
2017-09,moveis_escritorio,36,9118.67,151.98,60
2017-09,moveis_quarto,3,709.6,177.4,4
2017-09,moveis_sala,11,1275.87,115.99,11
2017-09,papelaria,69,5851.52,78.02,75
2017-09,pcs,39,51228.89,1280.72,40
2017-09,perfumaria,135,14051.3,91.84,153
2017-09,pet_shop,62,8534.92,120.21,71
2017-09,portateis_casa_forno_e_cafe,1,640.99,640.99,1
2017-09,relogios_presentes,251,44748.96,169.5,264
2017-09,seguros_e_servicos,1,100.0,100.0,1
2017-09,sinalizacao_e_seguranca,5,438.4,48.71,9
2017-09,tablets_impressao_imagem,3,233.9,77.97,3
2017-09,telefonia,160,18278.37,105.66,173
2017-09,telefonia_fixa,6,13692.91,1053.3,13
2017-09,utilidades_domesticas,217,19941.56,80.09,249
2017-10,,58,16321.27,240.02,68
2017-10,agro_industria_e_comercio,5,3350.28,670.06,5
2017-10,alimentos,12,806.06,47.42,17
2017-10,alimentos_bebidas,15,2297.23,135.13,17
2017-10,artes,3,349.05,116.35,3
2017-10,artigos_de_festas,2,137.8,68.9,2
2017-10,artigos_de_natal,7,388.05,32.34,12
2017-10,audio,31,2328.58,75.12,31
2017-10,automotivo,130,21419.39,144.73,148
2017-10,bebes,134,16497.5,119.55,138
2017-10,bebidas,10,596.98,49.75,12
2017-10,beleza_saude,322,40698.99,116.28,350
2017-10,brinquedos,272,33324.42,117.75,283
2017-10,cama_mesa_banho,442,46007.7,84.89,542
2017-10,casa_conforto,26,3619.8,134.07,27
2017-10,casa_conforto_2,3,64.5,12.9,5
2017-10,casa_construcao,15,4201.17,233.4,18
2017-10,cds_dvds_musicais,1,45.0,45.0,1
2017-10,cine_foto,1,69.0,69.0,1
2017-10,climatizacao,9,2562.42,213.53,12
2017-10,consoles_games,99,10380.72,98.86,105
2017-10,construcao_ferramentas_construcao,15,2576.18,135.59,19
2017-10,construcao_ferramentas_ferramentas,5,1018.6,203.72,5
2017-10,construcao_ferramentas_iluminacao,2,500.0,250.0,2
2017-10,construcao_ferramentas_jardim,8,746.9,82.99,9
2017-10,construcao_ferramentas_seguranca,9,1668.85,139.07,12
2017-10,cool_stuff,242,44348.23,174.6,254
2017-10,dvds_blu_ray,4,174.6,43.65,4
2017-10,eletrodomesticos,7,1837.68,262.53,7
2017-10,eletrodomesticos_2,9,2104.27,233.81,9
2017-10,eletronicos,55,3376.35,54.46,62
2017-10,eletroportateis,30,6464.85,202.03,32
2017-10,esporte_lazer,417,48568.98,105.13,462
2017-10,fashion_bolsas_e_acessorios,93,7584.66,70.23,108
2017-10,fashion_calcados,16,1860.92,103.38,18
2017-10,fashion_esporte,1,59.9,59.9,1
2017-10,fashion_roupa_infanto_juvenil,1,39.99,39.99,1
2017-10,fashion_roupa_masculina,8,971.9,97.19,10
2017-10,fashion_underwear_e_moda_praia,3,187.8,62.6,3
2017-10,ferramentas_jardim,213,25798.75,92.14,280
2017-10,industria_comercio_e_negocios,5,2256.69,451.34,5
2017-10,informatica_acessorios,253,42009.38,135.95,309
2017-10,instrumentos_musicais,19,6329.26,333.12,19
2017-10,la_cuisine,1,137.0,137.0,1
2017-10,livros_interesse_geral,8,734.5,66.77,11
2017-10,livros_tecnicos,6,880.0,146.67,6
2017-10,malas_acessorios,52,6240.34,111.43,56
2017-10,market_place,10,1019.54,92.69,11
2017-10,moveis_cozinha_area_de_servico_jantar_e_jardim,14,3428.6,214.29,16
2017-10,moveis_decoracao,266,30009.74,80.03,375
2017-10,moveis_escritorio,69,17890.83,175.4,102
2017-10,moveis_quarto,3,943.9,314.63,3
2017-10,moveis_sala,13,1532.79,80.67,19
2017-10,musica,1,54.9,54.9,1
2017-10,papelaria,89,7697.17,80.18,96
2017-10,pcs,26,40393.92,1496.07,27
2017-10,perfumaria,175,16877.82,90.26,187
2017-10,pet_shop,64,8243.58,108.47,76
2017-10,relogios_presentes,282,64874.63,210.63,308
2017-10,sinalizacao_e_seguranca,7,744.0,74.4,10
2017-10,tablets_impressao_imagem,1,99.0,99.0,1
2017-10,telefonia,220,20859.18,85.49,244
2017-10,telefonia_fixa,6,3751.88,535.98,7
2017-10,utilidades_domesticas,188,15883.68,69.36,229
2017-11,,111,13786.55,116.84,118
2017-11,agro_industria_e_comercio,13,13932.49,733.29,19
2017-11,alimentos,10,498.09,35.58,14
2017-11,alimentos_bebidas,28,2445.57,74.11,33
2017-11,artes,1,75.0,75.0,1
2017-11,artigos_de_festas,3,850.7,283.57,3
2017-11,artigos_de_natal,18,1312.6,59.66,22
2017-11,audio,33,3677.23,102.15,36
2017-11,automotivo,242,34736.49,133.6,260
2017-11,bebes,184,21048.19,106.84,197
2017-11,bebidas,14,674.12,37.45,18
2017-11,beleza_saude,519,78274.4,136.6,573
2017-11,brinquedos,443,62611.26,129.1,485
2017-11,cama_mesa_banho,804,87957.63,91.53,961
2017-11,casa_conforto,40,5355.39,119.01,45
2017-11,casa_conforto_2,3,38.7,12.9,3
2017-11,casa_construcao,33,4936.72,129.91,38
2017-11,cds_dvds_musicais,3,195.0,65.0,3
2017-11,cine_foto,1,242.0,242.0,1
2017-11,climatizacao,16,4076.62,214.56,19
2017-11,consoles_games,123,11772.28,91.97,128
2017-11,construcao_ferramentas_construcao,36,6993.56,148.8,47
2017-11,construcao_ferramentas_ferramentas,4,269.5,53.9,5
2017-11,construcao_ferramentas_iluminacao,9,2199.48,219.95,10
2017-11,construcao_ferramentas_jardim,14,1218.5,71.68,17
2017-11,construcao_ferramentas_seguranca,12,3280.69,234.34,14
2017-11,cool_stuff,286,55696.66,187.53,297
2017-11,dvds_blu_ray,3,79.79,26.6,3
2017-11,eletrodomesticos,25,4515.94,180.64,25
2017-11,eletrodomesticos_2,13,4854.93,373.46,13
2017-11,eletronicos,163,9992.99,54.91,182
2017-11,eletroportateis,27,6782.92,242.25,28
2017-11,esporte_lazer,542,62686.24,105.0,597
2017-11,fashion_bolsas_e_acessorios,178,12849.33,66.58,193
2017-11,fashion_calcados,17,1707.8,89.88,19
2017-11,fashion_esporte,1,59.9,59.9,1
2017-11,fashion_roupa_feminina,2,59.98,29.99,2
2017-11,fashion_roupa_masculina,10,880.99,80.09,11
2017-11,fashion_underwear_e_moda_praia,10,1221.6,122.16,10
2017-11,ferramentas_jardim,430,44275.18,80.94,547
2017-11,flores,6,187.8,31.3,6
2017-11,industria_comercio_e_negocios,6,1994.87,332.48,6
2017-11,informatica_acessorios,431,69676.32,136.09,512
2017-11,instrumentos_musicais,41,15776.89,375.64,42
2017-11,la_cuisine,1,137.0,137.0,1
2017-11,livros_importados,2,247.0,82.33,3
2017-11,livros_interesse_geral,37,2630.97,71.11,37
2017-11,livros_tecnicos,5,768.9,128.15,6
2017-11,malas_acessorios,63,8301.15,118.59,70
2017-11,market_place,11,1355.98,84.75,16
2017-11,moveis_colchao_e_estofado,2,334.0,167.0,2
2017-11,moveis_cozinha_area_de_servico_jantar_e_jardim,28,5007.39,151.74,33
2017-11,moveis_decoracao,536,62091.27,80.95,767
2017-11,moveis_escritorio,75,17919.2,177.42,101
2017-11,moveis_quarto,3,873.0,291.0,3
2017-11,moveis_sala,29,6212.95,159.31,39
2017-11,papelaria,149,16406.19,100.65,163
2017-11,pcs,7,9768.0,1395.43,7
2017-11,perfumaria,287,31612.13,103.99,304
2017-11,pet_shop,82,11167.79,115.13,97
2017-11,relogios_presentes,424,95292.34,205.81,463
2017-11,sinalizacao_e_seguranca,3,596.79,119.36,5
2017-11,tablets_impressao_imagem,6,350.4,58.4,6
2017-11,telefonia,343,26117.63,70.4,371
2017-11,telefonia_fixa,5,943.98,188.8,5
2017-11,utilidades_domesticas,345,33872.42,82.21,412
2017-12,,132,15497.67,113.12,137
2017-12,agro_industria_e_comercio,9,5291.7,481.06,11
2017-12,alimentos,11,939.34,72.26,13
2017-12,alimentos_bebidas,18,1033.68,49.22,21
2017-12,artes,3,115.25,38.42,3
2017-12,artigos_de_festas,2,515.2,257.6,2
2017-12,artigos_de_natal,14,493.9,30.87,16
2017-12,audio,17,2686.93,158.05,17
2017-12,automotivo,238,39019.96,148.36,263
2017-12,bebes,135,19658.48,141.43,139
2017-12,bebidas,31,2132.84,62.73,34
2017-12,beleza_saude,426,60688.75,131.93,460
2017-12,brinquedos,413,55064.56,126.29,436
2017-12,cama_mesa_banho,476,50081.16,91.72,546
2017-12,casa_conforto,14,2257.8,161.27,14
2017-12,casa_construcao,29,6525.3,171.72,38
2017-12,cds_dvds_musicais,1,65.0,65.0,1
2017-12,climatizacao,3,668.8,222.93,3
2017-12,consoles_games,87,8885.01,96.58,92
2017-12,construcao_ferramentas_construcao,22,5830.35,215.94,27
2017-12,construcao_ferramentas_ferramentas,6,349.4,58.23,6
2017-12,construcao_ferramentas_iluminacao,2,176.0,88.0,2
2017-12,construcao_ferramentas_jardim,6,928.9,154.82,6
2017-12,construcao_ferramentas_seguranca,7,1384.92,197.85,7
2017-12,cool_stuff,231,37515.57,151.27,248
2017-12,dvds_blu_ray,1,119.9,119.9,1
2017-12,eletrodomesticos,16,1331.0,83.19,16
2017-12,eletrodomesticos_2,8,1990.16,248.77,8
2017-12,eletronicos,189,8518.61,40.76,209
2017-12,eletroportateis,26,7539.77,279.25,27
2017-12,esporte_lazer,431,58722.48,121.33,484
2017-12,fashion_bolsas_e_acessorios,123,9999.76,74.63,134
2017-12,fashion_calcados,12,1099.0,84.54,13
2017-12,fashion_esporte,1,59.9,59.9,1
2017-12,fashion_roupa_masculina,4,450.89,112.72,4
2017-12,fashion_underwear_e_moda_praia,13,1173.1,90.24,13
2017-12,ferramentas_jardim,243,26795.69,82.96,323
2017-12,flores,2,82.7,41.35,2
2017-12,fraldas_higiene,1,76.0,38.0,2
2017-12,industria_comercio_e_negocios,9,1828.5,203.17,9
2017-12,informatica_acessorios,249,37428.67,131.79,284
2017-12,instrumentos_musicais,41,10823.5,257.7,42
2017-12,livros_importados,3,231.0,77.0,3
2017-12,livros_interesse_geral,37,2352.2,57.37,41
2017-12,livros_tecnicos,4,670.69,167.67,4
2017-12,malas_acessorios,44,5969.21,129.77,46
2017-12,market_place,13,703.25,50.23,14
2017-12,moveis_colchao_e_estofado,8,803.7,100.46,8
2017-12,moveis_cozinha_area_de_servico_jantar_e_jardim,16,4277.3,213.87,20
2017-12,moveis_decoracao,304,31073.09,82.2,378
2017-12,moveis_escritorio,38,6684.37,139.26,48
2017-12,moveis_quarto,1,185.0,185.0,1
2017-12,moveis_sala,16,2316.01,115.8,20
2017-12,papelaria,229,24793.1,99.97,248
2017-12,pcs,19,16741.0,727.87,23
2017-12,perfumaria,225,26448.94,113.51,233
2017-12,pet_shop,69,7126.74,98.98,72
2017-12,relogios_presentes,333,69556.92,197.05,353
2017-12,sinalizacao_e_seguranca,2,770.0,385.0,2
2017-12,tablets_impressao_imagem,6,419.4,69.9,6
2017-12,telefonia,237,12780.44,49.16,260
2017-12,telefonia_fixa,5,998.77,199.75,5
2017-12,utilidades_domesticas,243,25285.96,87.8,288
2018-01,,171,20993.63,108.78,193
2018-01,agro_industria_e_comercio,15,5853.44,325.19,18
2018-01,alimentos,18,829.56,43.66,19
2018-01,alimentos_bebidas,10,341.17,31.02,11
2018-01,artes,19,2540.77,133.72,19
2018-01,artigos_de_festas,2,135.8,67.9,2
2018-01,artigos_de_natal,9,851.5,85.15,10
2018-01,audio,25,3820.28,146.93,26
2018-01,automotivo,243,35855.02,134.29,267
2018-01,bebes,209,29833.88,136.23,219
2018-01,bebidas,39,2227.61,44.55,50
2018-01,beleza_saude,563,71405.6,115.36,619
2018-01,brinquedos,154,21382.85,132.81,161
2018-01,cama_mesa_banho,689,75408.13,90.2,836
2018-01,casa_conforto,18,3020.16,167.79,18
2018-01,casa_construcao,27,5747.78,143.69,40
2018-01,cine_foto,2,199.98,99.99,2
2018-01,climatizacao,22,4674.74,161.2,29
2018-01,consoles_games,50,7313.28,143.4,51
2018-01,construcao_ferramentas_construcao,40,9664.18,201.34,48
2018-01,construcao_ferramentas_ferramentas,8,532.3,66.54,8
2018-01,construcao_ferramentas_iluminacao,6,2392.99,341.86,7
2018-01,construcao_ferramentas_jardim,21,3927.98,163.67,24
2018-01,construcao_ferramentas_seguranca,9,2228.89,202.63,11
2018-01,cool_stuff,285,38942.41,131.56,296
2018-01,dvds_blu_ray,2,49.8,24.9,2
2018-01,eletrodomesticos,26,1725.15,63.89,27
2018-01,eletrodomesticos_2,12,8630.1,663.85,13
2018-01,eletronicos,319,15884.28,45.64,348
2018-01,eletroportateis,50,14261.81,269.09,53
2018-01,esporte_lazer,575,86172.83,134.23,642
2018-01,fashion_bolsas_e_acessorios,116,7931.72,63.45,125
2018-01,fashion_calcados,7,666.7,74.08,9
2018-01,fashion_esporte,2,119.8,59.9,2
2018-01,fashion_roupa_feminina,3,161.79,53.93,3
2018-01,fashion_roupa_masculina,5,550.6,91.77,6
2018-01,fashion_underwear_e_moda_praia,8,754.5,94.31,8
2018-01,ferramentas_jardim,202,26793.06,113.53,236
2018-01,flores,7,284.6,28.46,10
2018-01,fraldas_higiene,1,125.0,25.0,5
2018-01,industria_comercio_e_negocios,15,2681.1,148.95,18
2018-01,informatica_acessorios,574,80503.87,117.01,688
2018-01,instrumentos_musicais,49,15178.58,297.62,51
2018-01,la_cuisine,1,112.0,112.0,1
2018-01,livros_importados,6,583.0,97.17,6
2018-01,livros_interesse_geral,40,2160.2,49.1,44
2018-01,livros_tecnicos,16,1176.55,69.21,17
2018-01,malas_acessorios,121,18546.32,147.19,126
2018-01,market_place,12,818.72,58.48,14
2018-01,moveis_colchao_e_estofado,9,860.5,95.61,9
2018-01,moveis_cozinha_area_de_servico_jantar_e_jardim,20,4838.5,230.4,21
2018-01,moveis_decoracao,467,53798.81,90.42,595
2018-01,moveis_escritorio,104,19485.42,137.22,142
2018-01,moveis_quarto,5,914.8,182.96,5
2018-01,moveis_sala,22,2308.1,104.91,22
2018-01,musica,1,24.97,24.97,1
2018-01,papelaria,368,39522.72,102.66,385
2018-01,pcs,11,6851.0,622.82,11
2018-01,perfumaria,207,19555.37,87.69,223
2018-01,pet_shop,76,10796.06,121.3,89
2018-01,portateis_casa_forno_e_cafe,1,369.99,369.99,1
2018-01,relogios_presentes,322,73521.24,207.1,355
2018-01,sinalizacao_e_seguranca,7,1048.79,131.1,8
2018-01,tablets_impressao_imagem,3,161.8,53.93,3
2018-01,telefonia,343,14700.08,39.95,368
2018-01,telefonia_fixa,10,2444.1,244.41,10
2018-01,utilidades_domesticas,317,37446.74,106.69,351
2018-02,,107,12691.97,108.48,117
2018-02,agro_industria_e_comercio,20,7385.3,284.05,26
2018-02,alimentos,30,1783.52,46.93,38
2018-02,alimentos_bebidas,20,1018.3,44.27,23
2018-02,artes,11,1216.71,101.39,12
2018-02,artigos_de_natal,17,2059.65,85.82,24
2018-02,audio,15,2828.49,188.57,15
2018-02,automotivo,299,41048.51,130.31,315
2018-02,bebes,165,25857.28,150.33,172
2018-02,bebidas,26,1919.95,61.93,31
2018-02,beleza_saude,595,84576.55,130.12,650
2018-02,brinquedos,130,14203.35,102.18,139
2018-02,cama_mesa_banho,588,60366.29,88.13,685
2018-02,casa_conforto,20,3012.76,143.46,21
2018-02,casa_conforto_2,2,38.7,12.9,3
2018-02,casa_construcao,31,5225.9,137.52,38
2018-02,cine_foto,2,227.99,114.0,2
2018-02,climatizacao,11,2626.89,218.91,12
2018-02,consoles_games,50,11763.83,230.66,51
2018-02,construcao_ferramentas_construcao,53,8991.07,132.22,68
2018-02,construcao_ferramentas_ferramentas,11,1318.2,109.85,12
2018-02,construcao_ferramentas_iluminacao,9,1610.8,94.75,17
2018-02,construcao_ferramentas_jardim,14,1538.25,76.91,20
2018-02,construcao_ferramentas_seguranca,7,5965.75,745.72,8
2018-02,cool_stuff,176,29772.25,165.4,180
2018-02,dvds_blu_ray,1,24.9,24.9,1
2018-02,eletrodomesticos,47,5542.45,115.47,48
2018-02,eletrodomesticos_2,21,8998.83,428.52,21
2018-02,eletronicos,300,14764.7,44.61,331
2018-02,eletroportateis,30,5245.16,163.91,32
2018-02,esporte_lazer,571,74540.95,117.02,637
2018-02,fashion_bolsas_e_acessorios,102,9786.63,91.46,107
2018-02,fashion_calcados,10,1033.7,93.97,11
2018-02,fashion_roupa_feminina,1,29.99,29.99,1
2018-02,fashion_roupa_masculina,3,388.09,129.36,3
2018-02,fashion_underwear_e_moda_praia,7,399.3,57.04,7
2018-02,ferramentas_jardim,229,26489.13,90.41,293
2018-02,flores,4,134.48,33.62,4
2018-02,fraldas_higiene,1,100.0,25.0,4
2018-02,industria_comercio_e_negocios,29,4735.59,127.99,37
2018-02,informatica_acessorios,791,100131.99,103.12,971
2018-02,instrumentos_musicais,39,9015.73,204.9,44
2018-02,livros_importados,3,325.0,108.33,3
2018-02,livros_interesse_geral,28,1886.65,67.38,28
2018-02,livros_tecnicos,23,1411.21,54.28,26
2018-02,malas_acessorios,43,6423.55,142.75,45
2018-02,market_place,20,1920.92,68.6,28
2018-02,moveis_colchao_e_estofado,5,344.7,68.94,5
2018-02,moveis_cozinha_area_de_servico_jantar_e_jardim,16,4621.16,243.22,19
2018-02,moveis_decoracao,336,38002.36,90.05,422
2018-02,moveis_escritorio,70,17287.89,161.57,107
2018-02,moveis_quarto,6,895.8,127.97,7
2018-02,moveis_sala,19,4402.78,169.34,26
2018-02,musica,2,244.97,122.48,2
2018-02,papelaria,131,10090.53,69.59,145
2018-02,pc_gamer,1,129.99,129.99,1
2018-02,perfumaria,194,20372.0,96.55,211
2018-02,pet_shop,86,9218.24,93.11,99
2018-02,portateis_casa_forno_e_cafe,5,3024.9,604.98,5
2018-02,relogios_presentes,304,60725.31,187.42,324
2018-02,sinalizacao_e_seguranca,10,715.79,47.72,15
2018-02,tablets_impressao_imagem,12,694.97,53.46,13
2018-02,telefonia,328,13672.38,38.62,354
2018-02,telefonia_fixa,9,4738.68,430.79,11
2018-02,utilidades_domesticas,334,34877.47,89.2,391
2018-03,,125,16625.22,125.0,133
2018-03,agro_industria_e_comercio,24,5161.0,198.5,26
2018-03,alimentos,33,1559.9,44.57,35
2018-03,alimentos_bebidas,17,2350.77,123.72,19
2018-03,artes,7,461.5,65.93,7
2018-03,artigos_de_festas,5,913.9,152.32,6
2018-03,artigos_de_natal,12,854.95,71.25,12
2018-03,audio,33,10606.69,311.96,34
2018-03,automotivo,317,44081.96,131.2,336
2018-03,bebes,208,40818.75,189.85,215
2018-03,bebidas,20,962.7,45.84,21
2018-03,beleza_saude,605,84488.57,128.79,656
2018-03,brinquedos,215,22817.55,101.41,225
2018-03,cama_mesa_banho,652,67786.35,87.24,777
2018-03,casa_conforto,21,2522.38,120.11,21
2018-03,casa_conforto_2,1,34.99,34.99,1
2018-03,casa_construcao,33,5250.51,122.1,43
2018-03,cine_foto,6,711.79,101.68,7
2018-03,climatizacao,23,2507.68,104.49,24
2018-03,consoles_games,53,11826.22,207.48,57
2018-03,construcao_ferramentas_construcao,48,9446.58,143.13,66
2018-03,construcao_ferramentas_ferramentas,8,931.3,103.48,9
2018-03,construcao_ferramentas_iluminacao,12,2536.7,195.13,13
2018-03,construcao_ferramentas_jardim,19,2087.23,94.87,22
2018-03,construcao_ferramentas_seguranca,13,5374.87,244.31,22
2018-03,cool_stuff,239,37791.24,149.37,253
2018-03,dvds_blu_ray,2,49.8,24.9,2
2018-03,eletrodomesticos,70,9876.59,141.09,70
2018-03,eletrodomesticos_2,12,5648.2,470.68,12
2018-03,eletronicos,237,12394.51,48.8,254
2018-03,eletroportateis,34,13952.18,398.63,35
2018-03,esporte_lazer,645,81656.96,111.55,732
2018-03,fashion_bolsas_e_acessorios,129,10096.51,73.7,137
2018-03,fashion_calcados,11,1053.1,95.74,11
2018-03,fashion_esporte,1,89.9,89.9,1
2018-03,fashion_roupa_feminina,1,119.96,29.99,4
2018-03,fashion_roupa_infanto_juvenil,2,79.98,39.99,2
2018-03,fashion_underwear_e_moda_praia,5,289.4,57.88,5
2018-03,ferramentas_jardim,199,26773.88,105.83,253
2018-03,flores,3,89.67,29.89,3
2018-03,fraldas_higiene,1,125.0,25.0,5
2018-03,industria_comercio_e_negocios,26,2922.45,100.77,29
2018-03,informatica_acessorios,630,84708.39,112.94,750
2018-03,instrumentos_musicais,49,8931.4,168.52,53
2018-03,la_cuisine,1,389.0,389.0,1
2018-03,livros_importados,2,259.0,86.33,3
2018-03,livros_interesse_geral,33,1691.94,44.52,38
2018-03,livros_tecnicos,17,913.47,53.73,17
2018-03,malas_acessorios,51,5851.77,104.5,56
2018-03,market_place,16,1548.74,91.1,17
2018-03,moveis_colchao_e_estofado,4,440.0,110.0,4
2018-03,moveis_cozinha_area_de_servico_jantar_e_jardim,12,2842.66,236.89,12
2018-03,moveis_decoracao,430,51319.97,88.03,583
2018-03,moveis_escritorio,149,30861.64,154.31,200
2018-03,moveis_quarto,6,1071.8,178.63,6
2018-03,moveis_sala,19,3521.87,185.36,19
2018-03,musica,2,323.97,161.99,2
2018-03,papelaria,145,12993.74,79.72,163
2018-03,perfumaria,182,20081.88,101.42,198
2018-03,pet_shop,108,13400.21,109.84,122
2018-03,portateis_casa_forno_e_cafe,7,7890.9,1127.27,7
2018-03,relogios_presentes,407,95661.18,227.22,421
2018-03,sinalizacao_e_seguranca,7,921.9,102.43,9
2018-03,tablets_impressao_imagem,2,259.29,86.43,3
2018-03,telefonia,320,24759.43,74.13,334
2018-03,telefonia_fixa,12,1930.59,137.9,14
2018-03,utilidades_domesticas,322,35052.12,89.88,390
2018-04,,72,7987.9,107.94,74
2018-04,agro_industria_e_comercio,12,4500.7,375.06,12
2018-04,alimentos,36,1665.43,41.64,40
2018-04,alimentos_bebidas,16,605.07,33.61,18
2018-04,artes,26,2140.28,82.32,26
2018-04,artes_e_artesanato,1,15.99,15.99,1
2018-04,artigos_de_festas,1,43.8,21.9,2
2018-04,artigos_de_natal,9,275.15,22.93,12
2018-04,audio,30,7045.07,227.26,31
2018-04,automotivo,328,47989.41,137.9,348
2018-04,bebes,215,47201.22,199.16,237
2018-04,bebidas,29,5016.44,92.9,54
2018-04,beleza_saude,619,91058.45,132.93,685
2018-04,brinquedos,193,23140.41,114.56,202
2018-04,cama_mesa_banho,600,71379.61,96.98,736
2018-04,casa_conforto,15,1939.4,107.74,18
2018-04,casa_conforto_2,1,12.9,12.9,1
2018-04,casa_construcao,58,9204.65,122.73,75
2018-04,cds_dvds_musicais,1,65.0,65.0,1
2018-04,cine_foto,5,521.74,104.35,5
2018-04,climatizacao,22,3261.79,141.82,23
2018-04,consoles_games,37,5511.05,137.78,40
2018-04,construcao_ferramentas_construcao,76,12933.83,143.71,90
2018-04,construcao_ferramentas_ferramentas,16,1332.99,78.41,17
2018-04,construcao_ferramentas_iluminacao,37,4962.67,105.59,47
2018-04,construcao_ferramentas_jardim,12,1326.79,73.71,18
2018-04,construcao_ferramentas_seguranca,23,2887.26,120.3,24
2018-04,cool_stuff,194,35025.41,170.03,206
2018-04,dvds_blu_ray,4,92.5,18.5,5
2018-04,eletrodomesticos,104,15019.63,144.42,104
2018-04,eletrodomesticos_2,23,20741.69,901.81,23
2018-04,eletronicos,201,10840.23,51.13,212
2018-04,eletroportateis,60,12071.76,182.91,66
2018-04,esporte_lazer,520,65793.52,112.28,586
2018-04,fashion_bolsas_e_acessorios,92,8218.85,80.58,102
2018-04,fashion_calcados,11,1438.7,130.79,11
2018-04,fashion_esporte,1,89.9,89.9,1
2018-04,fashion_roupa_feminina,1,174.95,34.99,5
2018-04,fashion_roupa_masculina,1,195.0,195.0,1
2018-04,fashion_underwear_e_moda_praia,6,359.4,59.9,6
2018-04,ferramentas_jardim,232,34526.04,122.43,282
2018-04,flores,3,158.4,52.8,3
2018-04,fraldas_higiene,4,149.0,37.25,4
2018-04,industria_comercio_e_negocios,48,5690.61,107.37,53
2018-04,informatica_acessorios,465,57370.9,109.07,526
2018-04,instrumentos_musicais,57,19375.31,322.92,60
2018-04,la_cuisine,1,280.0,140.0,2
2018-04,livros_importados,4,317.99,79.5,4
2018-04,livros_interesse_geral,42,6274.51,128.05,49
2018-04,livros_tecnicos,23,1172.1,50.96,23
2018-04,malas_acessorios,53,8680.48,152.29,57
2018-04,market_place,15,627.23,41.82,15
2018-04,moveis_cozinha_area_de_servico_jantar_e_jardim,18,3110.57,163.71,19
2018-04,moveis_decoracao,458,56217.62,95.93,586
2018-04,moveis_escritorio,86,19997.8,152.65,131
2018-04,moveis_quarto,6,1301.9,185.99,7
2018-04,moveis_sala,24,5041.83,152.78,33
2018-04,musica,5,1696.86,339.37,5
2018-04,papelaria,128,11263.45,74.1,152
2018-04,pcs,13,13774.92,918.33,15
2018-04,perfumaria,159,17430.41,100.17,174
2018-04,pet_shop,150,18282.97,110.14,166
2018-04,portateis_casa_forno_e_cafe,13,13211.99,1016.31,13
2018-04,relogios_presentes,462,88623.07,179.4,494
2018-04,sinalizacao_e_seguranca,22,2222.3,61.73,36
2018-04,tablets_impressao_imagem,1,52.0,52.0,1
2018-04,telefonia,245,16312.06,58.47,279
2018-04,telefonia_fixa,10,1921.94,174.72,11
2018-04,utilidades_domesticas,411,44363.29,96.02,462
2018-05,,37,3097.04,73.74,42
2018-05,agro_industria_e_comercio,8,3279.75,409.97,8
2018-05,alimentos,36,1542.93,35.07,44
2018-05,alimentos_bebidas,15,1239.44,49.58,25
2018-05,artes,33,2491.97,73.29,34
2018-05,artes_e_artesanato,1,89.8,89.8,1
2018-05,artigos_de_festas,3,100.7,25.17,4
2018-05,artigos_de_natal,6,524.53,87.42,6
2018-05,audio,20,2697.68,128.46,21
2018-05,automotivo,295,40851.44,132.63,308
2018-05,bebes,218,33253.65,139.14,239
2018-05,bebidas,33,2505.99,53.32,47
2018-05,beleza_saude,669,94534.38,125.88,751
2018-05,brinquedos,211,31538.41,144.67,218
2018-05,cama_mesa_banho,600,71265.07,96.3,740
2018-05,casa_conforto,18,2708.7,128.99,21
2018-05,casa_construcao,63,10155.28,128.55,79
2018-05,cine_foto,16,2108.29,124.02,17
2018-05,climatizacao,13,1851.3,132.24,14
2018-05,consoles_games,38,5279.27,101.52,52
2018-05,construcao_ferramentas_construcao,89,20748.6,165.99,125
2018-05,construcao_ferramentas_ferramentas,5,417.9,83.58,5
2018-05,construcao_ferramentas_iluminacao,30,4354.81,114.6,38
2018-05,construcao_ferramentas_jardim,13,1073.28,67.08,16
2018-05,construcao_ferramentas_seguranca,21,6045.01,274.77,22
2018-05,cool_stuff,168,29949.12,171.14,175
2018-05,dvds_blu_ray,6,439.94,62.85,7
2018-05,eletrodomesticos,63,6149.67,96.09,64
2018-05,eletrodomesticos_2,23,14441.24,627.88,23
2018-05,eletronicos,219,16176.79,70.03,231
2018-05,eletroportateis,39,10620.99,221.27,48
2018-05,esporte_lazer,449,59209.92,121.08,489
2018-05,fashion_bolsas_e_acessorios,104,11490.17,104.46,110
2018-05,fashion_calcados,10,1582.7,158.27,10
2018-05,fashion_roupa_masculina,1,129.99,129.99,1
2018-05,fashion_underwear_e_moda_praia,5,207.4,34.57,6
2018-05,ferramentas_jardim,227,37700.79,130.91,288
2018-05,flores,1,16.4,16.4,1
2018-05,fraldas_higiene,3,117.0,39.0,3
2018-05,industria_comercio_e_negocios,34,3780.99,94.52,40
2018-05,informatica_acessorios,399,50631.83,111.77,453
2018-05,instrumentos_musicais,59,18757.07,307.49,61
2018-05,livros_importados,9,410.92,41.09,10
2018-05,livros_interesse_geral,48,5925.13,118.5,50
2018-05,livros_tecnicos,54,3040.53,55.28,55
2018-05,malas_acessorios,44,6618.46,135.07,49
2018-05,market_place,13,957.45,68.39,14
2018-05,moveis_cozinha_area_de_servico_jantar_e_jardim,10,2310.09,177.7,13
2018-05,moveis_decoracao,456,53706.45,89.96,597
2018-05,moveis_escritorio,82,20835.87,200.34,104
2018-05,moveis_quarto,5,1484.98,247.5,6
2018-05,moveis_sala,13,2721.08,170.07,16
2018-05,musica,5,729.0,145.8,5
2018-05,papelaria,124,12923.39,99.41,130
2018-05,pcs,6,8699.92,669.22,13
2018-05,perfumaria,179,24482.7,124.28,197
2018-05,pet_shop,127,11708.46,86.09,136
2018-05,portateis_casa_forno_e_cafe,9,10161.6,1129.07,9
2018-05,portateis_cozinha_e_preparadores_de_alimentos,2,1958.0,979.0,2
2018-05,relogios_presentes,585,119364.98,190.98,625
2018-05,sinalizacao_e_seguranca,6,683.5,97.64,7
2018-05,tablets_impressao_imagem,1,49.9,49.9,1
2018-05,telefonia,237,18944.28,75.78,250
2018-05,telefonia_fixa,11,1846.2,115.39,16
2018-05,utilidades_domesticas,492,62824.57,101.66,618
2018-06,,22,2387.13,103.79,23
2018-06,agro_industria_e_comercio,10,3515.8,351.58,10
2018-06,alimentos,24,1371.18,57.13,24
2018-06,alimentos_bebidas,9,293.85,26.71,11
2018-06,artes,28,2500.14,89.29,28
2018-06,artigos_de_festas,2,84.8,42.4,2
2018-06,artigos_de_natal,6,306.19,43.74,7
2018-06,audio,19,1830.69,91.53,20
2018-06,automotivo,268,44962.59,152.42,295
2018-06,bebes,205,30550.32,137.0,223
2018-06,bebidas,30,1567.07,47.49,33
2018-06,beleza_saude,790,106745.72,122.0,875
2018-06,brinquedos,176,21094.95,111.03,190
2018-06,cama_mesa_banho,649,70857.08,92.74,764
2018-06,casa_conforto,16,2386.49,149.16,16
2018-06,casa_conforto_2,1,25.8,12.9,2
2018-06,casa_construcao,60,9094.59,128.09,71
2018-06,cine_foto,9,435.85,33.53,13
2018-06,climatizacao,9,3567.9,237.86,15
2018-06,consoles_games,41,6903.01,160.54,43
2018-06,construcao_ferramentas_construcao,108,22947.72,203.08,113
2018-06,construcao_ferramentas_ferramentas,4,527.0,131.75,4
2018-06,construcao_ferramentas_iluminacao,35,4583.41,104.17,44
2018-06,construcao_ferramentas_jardim,11,799.44,72.68,11
2018-06,construcao_ferramentas_seguranca,16,2565.37,160.34,16
2018-06,cool_stuff,100,19316.37,187.54,103
2018-06,dvds_blu_ray,5,382.88,63.81,6
2018-06,eletrodomesticos,65,5830.38,89.7,65
2018-06,eletrodomesticos_2,18,8312.72,437.51,19
2018-06,eletronicos,174,9664.57,50.6,191
2018-06,eletroportateis,43,15431.63,314.93,49
2018-06,esporte_lazer,371,44916.01,107.2,419
2018-06,fashion_bolsas_e_acessorios,82,7869.95,90.46,87
2018-06,fashion_calcados,10,1230.58,123.06,10
2018-06,fashion_roupa_infanto_juvenil,1,89.99,89.99,1
2018-06,fashion_roupa_masculina,6,447.8,63.97,7
2018-06,fashion_underwear_e_moda_praia,3,129.3,18.47,7
2018-06,ferramentas_jardim,148,17948.72,97.55,184
2018-06,flores,1,108.0,54.0,2
2018-06,fraldas_higiene,7,321.0,45.86,7
2018-06,industria_comercio_e_negocios,21,2609.9,100.38,26
2018-06,informatica_acessorios,352,41806.37,104.26,401
2018-06,instrumentos_musicais,46,16177.92,344.21,47
2018-06,livros_importados,9,468.17,52.02,9
2018-06,livros_interesse_geral,32,3275.49,86.2,38
2018-06,livros_tecnicos,26,1747.43,67.21,26
2018-06,malas_acessorios,36,5070.88,140.86,36
2018-06,market_place,7,556.46,79.49,7
2018-06,moveis_cozinha_area_de_servico_jantar_e_jardim,21,3538.43,122.01,29
2018-06,moveis_decoracao,316,42042.22,104.58,402
2018-06,moveis_escritorio,59,12125.58,159.55,76
2018-06,moveis_quarto,8,1559.99,173.33,9
2018-06,moveis_sala,27,3541.62,122.12,29
2018-06,musica,3,109.08,36.36,3
2018-06,papelaria,145,12859.08,77.0,167
2018-06,pcs,8,13127.0,1009.77,13
2018-06,perfumaria,166,26963.93,144.97,186
2018-06,pet_shop,151,19491.78,109.5,178
2018-06,portateis_casa_forno_e_cafe,3,3499.0,1166.33,3
2018-06,relogios_presentes,444,85027.57,178.25,477
2018-06,sinalizacao_e_seguranca,18,5863.18,217.15,27
2018-06,tablets_impressao_imagem,1,50.0,50.0,1
2018-06,telefonia,202,22669.86,104.95,216
2018-06,telefonia_fixa,15,2080.32,122.37,17
2018-06,utilidades_domesticas,464,55912.61,96.9,577
2018-07,,42,4612.0,98.13,47
2018-07,agro_industria_e_comercio,26,6669.82,247.03,27
2018-07,alimentos,59,3378.17,52.78,64
2018-07,alimentos_bebidas,14,778.73,45.81,17
2018-07,artes,21,1843.2,87.77,21
2018-07,artes_e_artesanato,10,654.57,59.51,11
2018-07,artigos_de_festas,2,57.5,28.75,2
2018-07,artigos_de_natal,8,509.56,63.7,8
2018-07,audio,21,2062.64,93.76,22
2018-07,automotivo,324,43466.79,127.47,341
2018-07,bebes,206,21834.12,102.03,214
2018-07,bebidas,16,1260.17,78.76,16
2018-07,beleza_saude,699,103524.22,134.45,770
2018-07,brinquedos,148,17022.0,110.53,154
2018-07,cama_mesa_banho,511,54405.23,88.18,617
2018-07,casa_conforto,23,2906.48,126.37,23
2018-07,casa_conforto_2,2,38.7,12.9,3
2018-07,casa_construcao,57,6700.25,111.67,60
2018-07,cine_foto,7,1178.54,168.36,7
2018-07,climatizacao,15,2657.86,156.34,17
2018-07,consoles_games,49,8519.11,173.86,49
2018-07,construcao_ferramentas_construcao,98,15237.47,132.5,115
2018-07,construcao_ferramentas_ferramentas,10,5501.2,458.43,12
2018-07,construcao_ferramentas_iluminacao,40,7249.61,131.81,55
2018-07,construcao_ferramentas_jardim,19,1922.66,87.39,22
2018-07,construcao_ferramentas_seguranca,15,1888.95,125.93,15
2018-07,cool_stuff,113,21152.01,183.93,115
2018-07,dvds_blu_ray,1,83.99,83.99,1
2018-07,eletrodomesticos,78,5173.03,66.32,78
2018-07,eletrodomesticos_2,22,12597.32,547.71,23
2018-07,eletronicos,142,9270.95,61.4,151
2018-07,eletroportateis,35,8161.35,194.32,42
2018-07,esporte_lazer,410,54015.89,117.43,460
2018-07,fashion_bolsas_e_acessorios,74,6071.07,82.04,74
2018-07,fashion_calcados,5,820.19,164.04,5
2018-07,fashion_roupa_masculina,5,208.7,41.74,5
2018-07,fashion_underwear_e_moda_praia,2,109.8,54.9,2
2018-07,ferramentas_jardim,152,25639.88,144.86,177
2018-07,flores,2,47.99,23.99,2
2018-07,fraldas_higiene,3,121.0,40.33,3
2018-07,industria_comercio_e_negocios,13,4697.21,335.51,14
2018-07,informatica_acessorios,381,41063.31,98.24,418
2018-07,instrumentos_musicais,32,7871.93,218.66,36
2018-07,livros_importados,5,357.79,51.11,7
2018-07,livros_interesse_geral,25,4077.45,163.1,25
2018-07,livros_tecnicos,26,1994.93,76.73,26
2018-07,malas_acessorios,53,5821.72,107.81,54
2018-07,market_place,4,186.78,46.7,4
2018-07,moveis_colchao_e_estofado,1,129.9,129.9,1
2018-07,moveis_cozinha_area_de_servico_jantar_e_jardim,20,3736.95,169.86,22
2018-07,moveis_decoracao,343,45393.59,104.11,436
2018-07,moveis_escritorio,62,13225.28,165.32,80
2018-07,moveis_quarto,7,1386.9,138.69,10
2018-07,moveis_sala,49,6706.64,124.2,54
2018-07,musica,3,849.3,283.1,3
2018-07,papelaria,168,17217.19,90.62,190
2018-07,pc_gamer,1,438.0,219.0,2
2018-07,pcs,8,11239.0,1404.88,8
2018-07,perfumaria,168,20645.97,103.75,199
2018-07,pet_shop,138,19343.85,122.43,158
2018-07,portateis_casa_forno_e_cafe,14,4699.67,313.31,15
2018-07,portateis_cozinha_e_preparadores_de_alimentos,7,172.03,21.5,8
2018-07,relogios_presentes,507,95164.79,182.66,521
2018-07,sinalizacao_e_seguranca,19,3785.19,130.52,29
2018-07,telefonia,202,26492.68,119.88,221
2018-07,telefonia_fixa,8,9319.39,847.22,11
2018-07,utilidades_domesticas,462,62583.3,110.96,564
2018-08,,29,2199.05,70.94,31
2018-08,agro_industria_e_comercio,14,5021.09,278.95,18
2018-08,alimentos,102,8174.18,71.08,115
2018-08,alimentos_bebidas,16,1028.61,48.98,21
2018-08,artes,18,1481.39,82.3,18
2018-08,artes_e_artesanato,9,901.76,100.2,9
2018-08,artigos_de_festas,14,1285.29,91.81,14
2018-08,artigos_de_natal,10,529.37,52.94,10
2018-08,audio,24,2069.4,79.59,26
2018-08,automotivo,345,45032.58,121.71,370
2018-08,bebes,201,21266.57,100.31,212
2018-08,bebidas,24,1423.26,52.71,27
2018-08,beleza_saude,765,119391.01,142.98,835
2018-08,brinquedos,151,16923.75,102.57,165
2018-08,cama_mesa_banho,555,60891.09,92.96,655
2018-08,casa_conforto,15,2241.28,140.08,16
2018-08,casa_construcao,44,6286.16,130.96,48
2018-08,cine_foto,8,595.29,66.14,9
2018-08,climatizacao,17,3556.9,169.38,21
2018-08,consoles_games,53,4381.31,74.26,59
2018-08,construcao_ferramentas_construcao,124,22917.16,141.46,162
2018-08,construcao_ferramentas_ferramentas,14,1255.77,89.7,14
2018-08,construcao_ferramentas_iluminacao,56,8212.53,132.46,62
2018-08,construcao_ferramentas_jardim,19,3688.76,160.38,23
2018-08,construcao_ferramentas_seguranca,21,3970.22,158.81,25
2018-08,cool_stuff,116,15794.89,132.73,119
2018-08,dvds_blu_ray,1,8.9,8.9,1
2018-08,eletrodomesticos,62,6443.85,102.28,63
2018-08,eletrodomesticos_2,14,7532.76,538.05,14
2018-08,eletronicos,114,10739.57,90.25,119
2018-08,eletroportateis,23,6168.06,268.18,23
2018-08,esporte_lazer,432,50860.18,107.98,471
2018-08,fashion_bolsas_e_acessorios,121,8127.53,64.5,126
2018-08,fashion_calcados,3,471.3,157.1,3
2018-08,fashion_esporte,1,69.9,69.9,1
2018-08,fashion_roupa_feminina,2,129.97,43.32,3
2018-08,fashion_roupa_masculina,3,381.69,127.23,3
2018-08,fashion_underwear_e_moda_praia,1,160.0,160.0,1
2018-08,ferramentas_jardim,120,16314.7,119.96,136
2018-08,fraldas_higiene,3,231.89,77.3,3
2018-08,industria_comercio_e_negocios,9,2364.69,236.47,10
2018-08,informatica_acessorios,380,40052.64,96.51,415
2018-08,instrumentos_musicais,39,10519.34,256.57,41
2018-08,livros_importados,1,749.0,749.0,1
2018-08,livros_interesse_geral,34,1564.78,43.47,36
2018-08,livros_tecnicos,28,1483.79,51.17,29
2018-08,malas_acessorios,62,6599.75,103.12,64
2018-08,market_place,8,949.27,118.66,8
2018-08,moveis_cozinha_area_de_servico_jantar_e_jardim,19,2011.47,100.57,20
2018-08,moveis_decoracao,341,41168.55,95.74,430
2018-08,moveis_escritorio,24,6758.87,225.3,30
2018-08,moveis_quarto,10,2197.0,183.08,12
2018-08,moveis_sala,38,5223.34,130.58,40
2018-08,musica,6,497.81,82.97,6
2018-08,papelaria,158,15445.65,91.39,169
2018-08,pc_gamer,1,219.0,219.0,1
2018-08,pcs,10,8711.5,725.96,12
2018-08,perfumaria,203,24839.74,113.94,218
2018-08,pet_shop,166,24608.07,124.28,198
2018-08,portateis_casa_forno_e_cafe,17,2996.72,176.28,17
2018-08,portateis_cozinha_e_preparadores_de_alimentos,4,1803.6,450.9,4
2018-08,relogios_presentes,387,69767.06,169.75,411
2018-08,sinalizacao_e_seguranca,16,1825.59,82.98,22
2018-08,telefonia,240,36572.91,134.96,271
2018-08,telefonia_fixa,10,2724.17,272.42,10
2018-08,utilidades_domesticas,549,58763.36,95.4,616
